{
  "project_info": {
    "project_number": "233221777367",
    "project_id": "my-chat-app-f2c8a",
    "storage_bucket": "my-chat-app-f2c8a.appspot.com"
  },
  "client": [
    {
      "client_info": {
        "mobilesdk_app_id": "1:233221777367:android:3e89440f426420a1e00d92",
        "android_client_info": {
          "package_name": "com.example.mychatapp"
        }
      },
      "oauth_client": [
        {
          "client_id": "233221777367-lpba7sdefohlone23u3pk89jn3esct1k.apps.googleusercontent.com",
          "client_type": 3
        }
      ],
      "api_key": [
        {
          "current_key": "AIzaSyDVaPC_ouCWIlx-q_GoTOm7xE4pGldfTQQ"
        }
      ],
      "services": {
        "appinvite_service": {
          "other_platform_oauth_client": [
            {
              "client_id": "233221777367-lpba7sdefohlone23u3pk89jn3esct1k.apps.googleusercontent.com",
              "client_type": 3
            }
          ]
        }
      }
    }
  ],
  "configuration_version": "1"
}